Project;ncommits;nauthors;from;to;nstars;nforks;lastGHCommitDate
vibansal_hapcut2;588;22;1405548177;1741933800;233;39;2025-02-09
friendly_heplots;721;8;1173790214;1757692802;11;5;2026-09-13
elki-project_elki;15704;94;1121867691;1775749738;831;321;2026-08-10
neuroml_neuroml2;986;18;1352295427;1739353578;66;26;2026-09-02
ropensci_gsodr;2912;18;1427153177;1762248461;98;19;2026-05-17
modelica_modelica_linearsystems2;1501;22;1251871200;1761568752;26;21;2026-09-24
wangbolun300_fast-envelope;488;13;1559158533;1751287292;64;14;2025-06-30
antvis_g6;16355;474;1486980044;1762258188;12318;1646;2026-09-23
lsstdesc_ccl;8694;190;1461938918;1762533598;160;87;2026-07-28
dsavransky_exosims;4319;66;1433177497;1762203232;36;49;2026-09-29
